path,mask_path,class_name,label,md5,duplicate_of
COVID/images/COVID-140.png,COVID/masks/COVID-140.png,COVID,0,cd61190265561a35beccdf03d5d3b6b6,COVID/images/COVID-1.png
COVID/images/COVID-591.png,COVID/masks/COVID-591.png,COVID,0,64a90f11e99315450261f2b7e5098486,COVID/images/COVID-1.png
COVID/images/COVID-97.png,COVID/masks/COVID-97.png,COVID,0,14e5bfba56d1e489d7552d190bf9c0d7,COVID/images/COVID-100.png
COVID/images/COVID-181.png,COVID/masks/COVID-181.png,COVID,0,c66c8bf34e289e50c93f6005efc3571c,COVID/images/COVID-101.png
COVID/images/COVID-190.png,COVID/masks/COVID-190.png,COVID,0,f5f2f0d02e5bd487b373a799a2e46397,COVID/images/COVID-107.png
COVID/images/COVID-57.png,COVID/masks/COVID-57.png,COVID,0,73cecd8e5e63b19121069113565c52d7,COVID/images/COVID-1078.png
COVID/images/COVID-256.png,COVID/masks/COVID-256.png,COVID,0,cfdbbf0bc99e1100494f22453167d591,COVID/images/COVID-1087.png
COVID/images/COVID-792.png,COVID/masks/COVID-792.png,COVID,0,910d93d3805861d3fa3cc40bdcbe9630,COVID/images/COVID-1087.png
COVID/images/COVID-115.png,COVID/masks/COVID-115.png,COVID,0,24fe165f863b404f8477fafc2c6eb13e,COVID/images/COVID-1096.png
COVID/images/COVID-377.png,COVID/masks/COVID-377.png,COVID,0,e6402002a6f9eb056a0415fe7c871247,COVID/images/COVID-1099.png
COVID/images/COVID-160.png,COVID/masks/COVID-160.png,COVID,0,580a377678732d4f7faf627a84f3e31b,COVID/images/COVID-11.png
COVID/images/COVID-633.png,COVID/masks/COVID-633.png,COVID,0,0f229aea33a69c468f95e2a06b570858,COVID/images/COVID-111.png
COVID/images/COVID-60.png,COVID/masks/COVID-60.png,COVID,0,52624d38a3b9c0d00ae592ab352e42ad,COVID/images/COVID-1111.png
COVID/images/COVID-372.png,COVID/masks/COVID-372.png,COVID,0,8658cecf6cd8f29d1e21465222e7e10a,COVID/images/COVID-112.png
COVID/images/COVID-1416.png,COVID/masks/COVID-1416.png,COVID,0,3a154a28f0adb158ae0afb928fc65cf8,COVID/images/COVID-1123.png
COVID/images/COVID-323.png,COVID/masks/COVID-323.png,COVID,0,4f228c2a63f919c0adf7331c15e9fc07,COVID/images/COVID-1123.png
COVID/images/COVID-1335.png,COVID/masks/COVID-1335.png,COVID,0,8820bf41f82586b5b87d7f9b9c3af2a6,COVID/images/COVID-1126.png
COVID/images/COVID-90.png,COVID/masks/COVID-90.png,COVID,0,20bcb821b0c873856c31e92454f71105,COVID/images/COVID-1126.png
COVID/images/COVID-1367.png,COVID/masks/COVID-1367.png,COVID,0,873e6ef16efefbd22f98f6323dff8048,COVID/images/COVID-1129.png
COVID/images/COVID-1370.png,COVID/masks/COVID-1370.png,COVID,0,8b69d9151fbdbf88ad8d892df05183bc,COVID/images/COVID-1132.png
COVID/images/COVID-1422.png,COVID/masks/COVID-1422.png,COVID,0,12def7a3a6724d58346f135d88d049fe,COVID/images/COVID-1135.png
COVID/images/COVID-63.png,COVID/masks/COVID-63.png,COVID,0,b4ca790f7b09dfd7be8fd91c95d14303,COVID/images/COVID-1138.png
COVID/images/COVID-766.png,COVID/masks/COVID-766.png,COVID,0,639430b0e280a4f33456941bd0d30aa0,COVID/images/COVID-114.png
COVID/images/COVID-1413.png,COVID/masks/COVID-1413.png,COVID,0,c43ab6ce53837cf9ad64b8a545c12ca1,COVID/images/COVID-1141.png
COVID/images/COVID-1419.png,COVID/masks/COVID-1419.png,COVID,0,07b6d3082e86d8021bca1fb64c29f585,COVID/images/COVID-1144.png
COVID/images/COVID-1200.png,COVID/masks/COVID-1200.png,COVID,0,ffdceb640ba89eab5a504e67c1f393f4,COVID/images/COVID-1159.png
COVID/images/COVID-483.png,COVID/masks/COVID-483.png,COVID,0,6d9e0c33a2bdf4453098ad796127dfab,COVID/images/COVID-1159.png
COVID/images/COVID-93.png,COVID/masks/COVID-93.png,COVID,0,6974cd3ce36fa4c93157c487ea9b2e32,COVID/images/COVID-1159.png
COVID/images/COVID-177.png,COVID/masks/COVID-177.png,COVID,0,f06bb68e87ce0cc0a67fdb256f9fb466,COVID/images/COVID-1165.png
COVID/images/COVID-180.png,COVID/masks/COVID-180.png,COVID,0,6c69c61266ade15a71f153bafec69608,COVID/images/COVID-1167.png
COVID/images/COVID-192.png,COVID/masks/COVID-192.png,COVID,0,22d537c901296a0a94a07dfe9ae59ccf,COVID/images/COVID-1188.png
COVID/images/COVID-334.png,COVID/masks/COVID-334.png,COVID,0,cd9e82d6f97502d06e1b1d0175fb8e73,COVID/images/COVID-1188.png
COVID/images/COVID-487.png,COVID/masks/COVID-487.png,COVID,0,43130a7dba6f95d9929c5dababea8b75,COVID/images/COVID-1188.png
COVID/images/COVID-186.png,COVID/masks/COVID-186.png,COVID,0,42fc572ffa3213acf748f085716aaa91,COVID/images/COVID-1191.png
COVID/images/COVID-520.png,COVID/masks/COVID-520.png,COVID,0,ba9580f1ec8443ddd626260d7b7b1ead,COVID/images/COVID-120.png
COVID/images/COVID-789.png,COVID/masks/COVID-789.png,COVID,0,f7f2ef592aa116910c8e2fd806cae79f,COVID/images/COVID-1228.png
COVID/images/COVID-247.png,COVID/masks/COVID-247.png,COVID,0,e6b2eff7bbc1e0885c2a4af1b1d030af,COVID/images/COVID-123.png
COVID/images/COVID-567.png,COVID/masks/COVID-567.png,COVID,0,a98e916631020276e1610c47a5e522be,COVID/images/COVID-123.png
COVID/images/COVID-946.png,COVID/masks/COVID-946.png,COVID,0,a71d02cb0da827e28df3eb345f1c3c90,COVID/images/COVID-1235.png
COVID/images/COVID-1386.png,COVID/masks/COVID-1386.png,COVID,0,82de024ee1fc46f92397647fc7d40c26,COVID/images/COVID-1241.png
COVID/images/COVID-1437.png,COVID/masks/COVID-1437.png,COVID,0,038b2af63ae06e5087476cabfa7c0747,COVID/images/COVID-1244.png
COVID/images/COVID-358.png,COVID/masks/COVID-358.png,COVID,0,cd287ece5f59250ad9468b4ddfcccac6,COVID/images/COVID-1244.png
COVID/images/COVID-230.png,COVID/masks/COVID-230.png,COVID,0,c7161404f9d829829d35401296f4eb08,COVID/images/COVID-126.png
COVID/images/COVID-540.png,COVID/masks/COVID-540.png,COVID,0,6d7b9d12ff0aca50366758548fe720b2,COVID/images/COVID-126.png
COVID/images/COVID-41.png,COVID/masks/COVID-41.png,COVID,0,c6ecd0490c8ed087863afd132a9064d9,COVID/images/COVID-1261.png
COVID/images/COVID-439.png,COVID/masks/COVID-439.png,COVID,0,32a324edddd82758773dc465ee5108e2,COVID/images/COVID-1264.png
COVID/images/COVID-442.png,COVID/masks/COVID-442.png,COVID,0,773c12b686b915163deced834b05b734,COVID/images/COVID-1267.png
COVID/images/COVID-447.png,COVID/masks/COVID-447.png,COVID,0,c77192dbfa40ff86efadb602c973f594,COVID/images/COVID-1276.png
COVID/images/COVID-450.png,COVID/masks/COVID-450.png,COVID,0,f1e5a4a41f8514935dcfb487f93099a4,COVID/images/COVID-1279.png
COVID/images/COVID-455.png,COVID/masks/COVID-455.png,COVID,0,287be5f7d732e97fea0c63eacdf38f5f,COVID/images/COVID-1285.png
COVID/images/COVID-458.png,COVID/masks/COVID-458.png,COVID,0,04a8e983ba16e92486b3a3c844df0f30,COVID/images/COVID-1288.png
COVID/images/COVID-752.png,COVID/masks/COVID-752.png,COVID,0,7283d0e0e4a5a5acb98b2f5f3f194690,COVID/images/COVID-129.png
COVID/images/COVID-461.png,COVID/masks/COVID-461.png,COVID,0,8c4e23cc2577604c400955725e96f83c,COVID/images/COVID-1291.png
COVID/images/COVID-54.png,COVID/masks/COVID-54.png,COVID,0,effe00ad7f6103e9dd443aae1be4e892,COVID/images/COVID-1296.png
COVID/images/COVID-44.png,COVID/masks/COVID-44.png,COVID,0,4b28db604fc8be0954030809178af896,COVID/images/COVID-1299.png
COVID/images/COVID-1449.png,COVID/masks/COVID-1449.png,COVID,0,68790e25775fa74f990f4286293e5583,COVID/images/COVID-1302.png
COVID/images/COVID-284.png,COVID/masks/COVID-284.png,COVID,0,71608cc835a29558bc6e6ed0dfbe1e41,COVID/images/COVID-1314.png
COVID/images/COVID-494.png,COVID/masks/COVID-494.png,COVID,0,c5c0765b07223ba69d54beb4d7f4a1b8,COVID/images/COVID-1314.png
COVID/images/COVID-250.png,COVID/masks/COVID-250.png,COVID,0,d23f2cb0aa29f5387196773ffa797679,COVID/images/COVID-132.png
COVID/images/COVID-569.png,COVID/masks/COVID-569.png,COVID,0,aa06d0adb0d8105a2add2697a53df413,COVID/images/COVID-132.png
COVID/images/COVID-287.png,COVID/masks/COVID-287.png,COVID,0,2ff03ae29518a17e676cf52b04c20315,COVID/images/COVID-1320.png
COVID/images/COVID-773.png,COVID/masks/COVID-773.png,COVID,0,29fbc46cc931857ba77f9df363985b4c,COVID/images/COVID-1323.png
COVID/images/COVID-295.png,COVID/masks/COVID-295.png,COVID,0,2869b6cf928e6e1061868b11d36ce85e,COVID/images/COVID-1326.png
COVID/images/COVID-738.png,COVID/masks/COVID-738.png,COVID,0,5e898c24bccb0240e6a46634a1601795,COVID/images/COVID-1326.png
COVID/images/COVID-1461.png,COVID/masks/COVID-1461.png,COVID,0,e674cc8066073362b5a93c38513947b6,COVID/images/COVID-1329.png
COVID/images/COVID-292.png,COVID/masks/COVID-292.png,COVID,0,b4704699caf37d86c9167a443a95dd3a,COVID/images/COVID-1332.png
COVID/images/COVID-755.png,COVID/masks/COVID-755.png,COVID,0,fe3d5424fee5dcf34a4dce468ce037c1,COVID/images/COVID-1332.png
COVID/images/COVID-478.png,COVID/masks/COVID-478.png,COVID,0,aff6b34a7e373bee138172af1250cf33,COVID/images/COVID-1338.png
COVID/images/COVID-475.png,COVID/masks/COVID-475.png,COVID,0,31fc258b00b952a52b5d6a06d532ae93,COVID/images/COVID-1341.png
COVID/images/COVID-489.png,COVID/masks/COVID-489.png,COVID,0,4d5e0d3b130c57ae1b03798abc4a27f8,COVID/images/COVID-1344.png
COVID/images/COVID-491.png,COVID/masks/COVID-491.png,COVID,0,30b7e282f9a853167be273cdea77dd74,COVID/images/COVID-1347.png
COVID/images/COVID-414.png,COVID/masks/COVID-414.png,COVID,0,897fd0d37976f8030252c40e2b5c4919,COVID/images/COVID-1350.png
COVID/images/COVID-794.png,COVID/masks/COVID-794.png,COVID,0,8825c2bc6a551d203f8b695478e69113,COVID/images/COVID-1350.png
COVID/images/COVID-470.png,COVID/masks/COVID-470.png,COVID,0,9523e19e68197dfaf5c1521d6c005759,COVID/images/COVID-1353.png
COVID/images/COVID-417.png,COVID/masks/COVID-417.png,COVID,0,c112069f26bd2008ce94bbea070bcb44,COVID/images/COVID-1356.png
COVID/images/COVID-820.png,COVID/masks/COVID-820.png,COVID,0,af69e9e1f6ce035c298b6a02b9c746bd,COVID/images/COVID-1356.png
COVID/images/COVID-419.png,COVID/masks/COVID-419.png,COVID,0,8caf755f07054205e60e1d78062716b2,COVID/images/COVID-1359.png
COVID/images/COVID-782.png,COVID/masks/COVID-782.png,COVID,0,5cf7a612dba597fe3f995610cd4a03c8,COVID/images/COVID-136.png
COVID/images/COVID-422.png,COVID/masks/COVID-422.png,COVID,0,b1067e2da5725c7502c34a46ce28ab80,COVID/images/COVID-1362.png
COVID/images/COVID-873.png,COVID/masks/COVID-873.png,COVID,0,8aa40eace946dc5ed4203908ebc86a9f,COVID/images/COVID-1362.png
COVID/images/COVID-139.png,COVID/masks/COVID-139.png,COVID,0,99bbcec3c4f4b16e633431150080dad7,COVID/images/COVID-137.png
COVID/images/COVID-246.png,COVID/masks/COVID-246.png,COVID,0,094cc25eff7f616990230d273d24dbd3,COVID/images/COVID-1373.png
COVID/images/COVID-241.png,COVID/masks/COVID-241.png,COVID,0,ac51104a5efab75d1c0bcef15cdaeb90,COVID/images/COVID-1376.png
COVID/images/COVID-316.png,COVID/masks/COVID-316.png,COVID,0,c039e268d493a793c9acd0514f3f7e60,COVID/images/COVID-1376.png
COVID/images/COVID-473.png,COVID/masks/COVID-473.png,COVID,0,7e0374d98f953e9e413acb7a2fc6a97a,COVID/images/COVID-1379.png
COVID/images/COVID-501.png,COVID/masks/COVID-501.png,COVID,0,4e02629ea53f58c03ac24ec6eec0c6e9,COVID/images/COVID-1392.png
COVID/images/COVID-1520.png,COVID/masks/COVID-1520.png,COVID,0,e0a9295bebed45bb74e25dcdc62a3b5a,COVID/images/COVID-1398.png
COVID/images/COVID-1553.png,COVID/masks/COVID-1553.png,COVID,0,00948749294adaf7ce29426cd3e5b2ab,COVID/images/COVID-1401.png
COVID/images/COVID-661.png,COVID/masks/COVID-661.png,COVID,0,daa9ae31edf320fe05bcd01646927fc5,COVID/images/COVID-1404.png
COVID/images/COVID-476.png,COVID/masks/COVID-476.png,COVID,0,402aa5ae53580ab5194d4a4e43e2f156,COVID/images/COVID-1407.png
COVID/images/COVID-786.png,COVID/masks/COVID-786.png,COVID,0,01cd06239262e057e183c645d5aeade0,COVID/images/COVID-141.png
COVID/images/COVID-692.png,COVID/masks/COVID-692.png,COVID,0,41b22adbd7688207cea44d60eb7b5bfc,COVID/images/COVID-1410.png
COVID/images/COVID-508.png,COVID/masks/COVID-508.png,COVID,0,fafe3da71de754839c2213359db672e7,COVID/images/COVID-1425.png
COVID/images/COVID-263.png,COVID/masks/COVID-263.png,COVID,0,6bbfbdfc70c5dc1d6ebde3e6d793310d,COVID/images/COVID-1428.png
COVID/images/COVID-340.png,COVID/masks/COVID-340.png,COVID,0,2ba470ccc238de961b3148f8dacc5ccf,COVID/images/COVID-1428.png
COVID/images/COVID-614.png,COVID/masks/COVID-614.png,COVID,0,595b73a003db377b71a98369e3842671,COVID/images/COVID-143.png
COVID/images/COVID-315.png,COVID/masks/COVID-315.png,COVID,0,75c5037c03c9f77507d185a227eca3b8,COVID/images/COVID-1431.png
COVID/images/COVID-355.png,COVID/masks/COVID-355.png,COVID,0,fc40df0ce811f80033563e492ccfc67f,COVID/images/COVID-1431.png
COVID/images/COVID-479.png,COVID/masks/COVID-479.png,COVID,0,7c3410abfe645c2157f40de7f707f434,COVID/images/COVID-1434.png
COVID/images/COVID-846.png,COVID/masks/COVID-846.png,COVID,0,f780caa9157f1e1a56f80167fc5bea48,COVID/images/COVID-1440.png
COVID/images/COVID-286.png,COVID/masks/COVID-286.png,COVID,0,548669c2ef013593f449a672ff722ff1,COVID/images/COVID-1443.png
COVID/images/COVID-1448.png,COVID/masks/COVID-1448.png,COVID,0,c5d1acb9d597f527294d60be4a7f48d8,COVID/images/COVID-1445.png
COVID/images/COVID-410.png,COVID/masks/COVID-410.png,COVID,0,c35148982679aacbe1076ee88fd6eab6,COVID/images/COVID-1452.png
COVID/images/COVID-486.png,COVID/masks/COVID-486.png,COVID,0,0497211c5a1569f18fff5ebdf49dd952,COVID/images/COVID-1452.png
COVID/images/COVID-511.png,COVID/masks/COVID-511.png,COVID,0,d7ee6d71eeb946ed0b88f9656628ebb0,COVID/images/COVID-1455.png
COVID/images/COVID-561.png,COVID/masks/COVID-561.png,COVID,0,077d22227ea21b184e45df2a8768e526,COVID/images/COVID-1458.png
COVID/images/COVID-464.png,COVID/masks/COVID-464.png,COVID,0,0a70d8c98ac2f3f6d1a2f460a8c5ed71,COVID/images/COVID-1466.png
COVID/images/COVID-423.png,COVID/masks/COVID-423.png,COVID,0,78aa871eacb9263b6365dde0c0bfd862,COVID/images/COVID-1469.png
COVID/images/COVID-714.png,COVID/masks/COVID-714.png,COVID,0,c6726eb72353b68ca553fd374fe48836,COVID/images/COVID-1472.png
COVID/images/COVID-615.png,COVID/masks/COVID-615.png,COVID,0,a9b35610bec3e18b8812f65acc9bec95,COVID/images/COVID-1511.png
COVID/images/COVID-687.png,COVID/masks/COVID-687.png,COVID,0,ce5daf13d682da0395184cdc9105a4b1,COVID/images/COVID-1526.png
COVID/images/COVID-8.png,COVID/masks/COVID-8.png,COVID,0,997bf5f126ef4639bdcbb199d815cf66,COVID/images/COVID-158.png
COVID/images/COVID-270.png,COVID/masks/COVID-270.png,COVID,0,df5f2df7aaa1fe3e4def5779b0ff2df3,COVID/images/COVID-163.png
COVID/images/COVID-619.png,COVID/masks/COVID-619.png,COVID,0,65b76ce2d64c2afcb507ebc967da68c1,COVID/images/COVID-163.png
COVID/images/COVID-522.png,COVID/masks/COVID-522.png,COVID,0,f6756b95edece466a08df328b6096cee,COVID/images/COVID-165.png
COVID/images/COVID-724.png,COVID/masks/COVID-724.png,COVID,0,acd3d4ca5ca692793528be2d190ec7e2,COVID/images/COVID-169.png
COVID/images/COVID-86.png,COVID/masks/COVID-86.png,COVID,0,87991453df26df4c8a87a4e5efdf5354,COVID/images/COVID-169.png
COVID/images/COVID-229.png,COVID/masks/COVID-229.png,COVID,0,76e3fba991bd030cf30cdaba299c2c93,COVID/images/COVID-17.png
COVID/images/COVID-764.png,COVID/masks/COVID-764.png,COVID,0,c6ce8684009686e163b36d5eb94e8e14,COVID/images/COVID-174.png
COVID/images/COVID-98.png,COVID/masks/COVID-98.png,COVID,0,871339550a590e156f472d9b19e32c11,COVID/images/COVID-178.png
COVID/images/COVID-21.png,COVID/masks/COVID-21.png,COVID,0,809c945514c36f4ef20b03c6ba1b11a5,COVID/images/COVID-18.png
COVID/images/COVID-744.png,COVID/masks/COVID-744.png,COVID,0,8f253d94c50b2fb39cc2548cc0a35daa,COVID/images/COVID-187.png
COVID/images/COVID-492.png,COVID/masks/COVID-492.png,COVID,0,e4bb152eedf30b3162f13a3582275f0d,COVID/images/COVID-189.png
COVID/images/COVID-376.png,COVID/masks/COVID-376.png,COVID,0,2c3ccd883d9b6391009e98b4cc21ffc3,COVID/images/COVID-20.png
COVID/images/COVID-529.png,COVID/masks/COVID-529.png,COVID,0,d8b316c183f445c6689194d1279e6755,COVID/images/COVID-201.png
COVID/images/COVID-527.png,COVID/masks/COVID-527.png,COVID,0,72efc8bc62f6b31b870258e130a7aa83,COVID/images/COVID-207.png
COVID/images/COVID-2085.png,COVID/masks/COVID-2085.png,COVID,0,0204017d4d7ae6819bd1b3f2b269dbd6,COVID/images/COVID-2084.png
COVID/images/COVID-517.png,COVID/masks/COVID-517.png,COVID,0,64105495d91b8c6db4a84af4fe4a7b13,COVID/images/COVID-214.png
COVID/images/COVID-56.png,COVID/masks/COVID-56.png,COVID,0,dd9a55e5c5b6d788101812af575d5fa0,COVID/images/COVID-214.png
COVID/images/COVID-29.png,COVID/masks/COVID-29.png,COVID,0,3093dcb4e316905426a958841a09fc7d,COVID/images/COVID-224.png
COVID/images/COVID-532.png,COVID/masks/COVID-532.png,COVID,0,84470cc85152c6a78315468305e604ad,COVID/images/COVID-227.png
COVID/images/COVID-71.png,COVID/masks/COVID-71.png,COVID,0,189f6c9d372cce83aeebbc92d4081031,COVID/images/COVID-227.png
COVID/images/COVID-32.png,COVID/masks/COVID-32.png,COVID,0,982f3937575f98b7d060a066f52dc850,COVID/images/COVID-232.png
COVID/images/COVID-35.png,COVID/masks/COVID-35.png,COVID,0,c0b499773715d72333b3698a80dd933e,COVID/images/COVID-234.png
COVID/images/COVID-548.png,COVID/masks/COVID-548.png,COVID,0,086568b4fc4fa22d5b713bcdebe18748,COVID/images/COVID-235.png
COVID/images/COVID-95.png,COVID/masks/COVID-95.png,COVID,0,7e5d095384f0ae42187f8ba9b2ba6877,COVID/images/COVID-235.png
COVID/images/COVID-38.png,COVID/masks/COVID-38.png,COVID,0,6524f729cffe89b7dca2d15e8111e321,COVID/images/COVID-237.png
COVID/images/COVID-2418.png,COVID/masks/COVID-2418.png,COVID,0,8a6bac7cea652166cf9a16910016851a,COVID/images/COVID-2416.png
COVID/images/COVID-2420.png,COVID/masks/COVID-2420.png,COVID,0,a5a17f454222439d049a8b8d8f2d1c6e,COVID/images/COVID-2419.png
COVID/images/COVID-2421.png,COVID/masks/COVID-2421.png,COVID,0,a5a17f454222439d049a8b8d8f2d1c6e,COVID/images/COVID-2419.png
COVID/images/COVID-2423.png,COVID/masks/COVID-2423.png,COVID,0,a29c8070cd53e97ca200908b98b9148c,COVID/images/COVID-2422.png
COVID/images/COVID-2432.png,COVID/masks/COVID-2432.png,COVID,0,ae12e9e3476fbda6f6d6bca01f2c146e,COVID/images/COVID-2431.png
COVID/images/COVID-2459.png,COVID/masks/COVID-2459.png,COVID,0,ea8279945f1a7902484bc31f0b7684d3,COVID/images/COVID-2458.png
COVID/images/COVID-2493.png,COVID/masks/COVID-2493.png,COVID,0,f31faecdd964f993ac0c30233e7b809b,COVID/images/COVID-2492.png
COVID/images/COVID-43.png,COVID/masks/COVID-43.png,COVID,0,5b330b2c3686a99006bd0eef81930741,COVID/images/COVID-253.png
COVID/images/COVID-572.png,COVID/masks/COVID-572.png,COVID,0,9dd86343fbcc6321229451c7010ed3a7,COVID/images/COVID-253.png
COVID/images/COVID-2667.png,COVID/masks/COVID-2667.png,COVID,0,61b60830a13d358097a206597e838caa,COVID/images/COVID-2666.png
COVID/images/COVID-2678.png,COVID/masks/COVID-2678.png,COVID,0,b44128fedd12e0b4ba66bf412b598d62,COVID/images/COVID-2677.png
COVID/images/COVID-2716.png,COVID/masks/COVID-2716.png,COVID,0,f41476fe77a87abe291111082132572c,COVID/images/COVID-2715.png
COVID/images/COVID-2717.png,COVID/masks/COVID-2717.png,COVID,0,f41476fe77a87abe291111082132572c,COVID/images/COVID-2715.png
COVID/images/COVID-2718.png,COVID/masks/COVID-2718.png,COVID,0,f41476fe77a87abe291111082132572c,COVID/images/COVID-2715.png
COVID/images/COVID-2719.png,COVID/masks/COVID-2719.png,COVID,0,f41476fe77a87abe291111082132572c,COVID/images/COVID-2715.png
COVID/images/COVID-280.png,COVID/masks/COVID-280.png,COVID,0,a565d01bb7f90e223fd0aa3b45cb0f8f,COVID/images/COVID-277.png
COVID/images/COVID-2773.png,COVID/masks/COVID-2773.png,COVID,0,0d3b81a43397083aa2a7bc41673ffdc8,COVID/images/COVID-2772.png
COVID/images/COVID-2774.png,COVID/masks/COVID-2774.png,COVID,0,0d3b81a43397083aa2a7bc41673ffdc8,COVID/images/COVID-2772.png
COVID/images/COVID-848.png,COVID/masks/COVID-848.png,COVID,0,166324c88e43b77016cb57fb500d83c5,COVID/images/COVID-279.png
COVID/images/COVID-2805.png,COVID/masks/COVID-2805.png,COVID,0,fa45797ff114786e642fcf0e74239c67,COVID/images/COVID-2804.png
COVID/images/COVID-2808.png,COVID/masks/COVID-2808.png,COVID,0,18077a6e3a5b53b166e4420c0dcb349c,COVID/images/COVID-2807.png
COVID/images/COVID-2809.png,COVID/masks/COVID-2809.png,COVID,0,18077a6e3a5b53b166e4420c0dcb349c,COVID/images/COVID-2807.png
COVID/images/COVID-2810.png,COVID/masks/COVID-2810.png,COVID,0,18077a6e3a5b53b166e4420c0dcb349c,COVID/images/COVID-2807.png
COVID/images/COVID-2811.png,COVID/masks/COVID-2811.png,COVID,0,18077a6e3a5b53b166e4420c0dcb349c,COVID/images/COVID-2807.png
COVID/images/COVID-2812.png,COVID/masks/COVID-2812.png,COVID,0,18077a6e3a5b53b166e4420c0dcb349c,COVID/images/COVID-2807.png
COVID/images/COVID-2813.png,COVID/masks/COVID-2813.png,COVID,0,18077a6e3a5b53b166e4420c0dcb349c,COVID/images/COVID-2807.png
COVID/images/COVID-2823.png,COVID/masks/COVID-2823.png,COVID,0,4d0abd01310171042244ef70e6ec46d9,COVID/images/COVID-2822.png
COVID/images/COVID-2942.png,COVID/masks/COVID-2942.png,COVID,0,7a1aa0aa545c8c65ce804013f0b9d509,COVID/images/COVID-2941.png
COVID/images/COVID-2946.png,COVID/masks/COVID-2946.png,COVID,0,3ee4c7b3e36445c5d9d50a9e0e50dafe,COVID/images/COVID-2945.png
COVID/images/COVID-993.png,COVID/masks/COVID-993.png,COVID,0,3adb38cb8bc61d873ca43c9b23538d51,COVID/images/COVID-306.png
COVID/images/COVID-3141.png,COVID/masks/COVID-3141.png,COVID,0,2f51da616ff3a442cb961cc658066935,COVID/images/COVID-3140.png
COVID/images/COVID-3142.png,COVID/masks/COVID-3142.png,COVID,0,2f51da616ff3a442cb961cc658066935,COVID/images/COVID-3140.png
COVID/images/COVID-3143.png,COVID/masks/COVID-3143.png,COVID,0,2f51da616ff3a442cb961cc658066935,COVID/images/COVID-3140.png
COVID/images/COVID-3144.png,COVID/masks/COVID-3144.png,COVID,0,2f51da616ff3a442cb961cc658066935,COVID/images/COVID-3140.png
COVID/images/COVID-321.png,COVID/masks/COVID-321.png,COVID,0,16cba7b451eaeb361e18cf8293e80db9,COVID/images/COVID-319.png
COVID/images/COVID-3208.png,COVID/masks/COVID-3208.png,COVID,0,8aeb432c601bda736de2c00685b742c4,COVID/images/COVID-3207.png
COVID/images/COVID-3212.png,COVID/masks/COVID-3212.png,COVID,0,1b2e0c71cc32718da81000f134d0f03d,COVID/images/COVID-3211.png
COVID/images/COVID-3223.png,COVID/masks/COVID-3223.png,COVID,0,39638b7a338b3449721ebfd1966e5a6a,COVID/images/COVID-3222.png
COVID/images/COVID-3299.png,COVID/masks/COVID-3299.png,COVID,0,53ebb4dab0483d6eab54e28f26ae9212,COVID/images/COVID-3298.png
COVID/images/COVID-3374.png,COVID/masks/COVID-3374.png,COVID,0,2b8af56fbae5585d1b966b9be628c6ef,COVID/images/COVID-3373.png
COVID/images/COVID-3375.png,COVID/masks/COVID-3375.png,COVID,0,2b8af56fbae5585d1b966b9be628c6ef,COVID/images/COVID-3373.png
COVID/images/COVID-3376.png,COVID/masks/COVID-3376.png,COVID,0,2b8af56fbae5585d1b966b9be628c6ef,COVID/images/COVID-3373.png
COVID/images/COVID-3403.png,COVID/masks/COVID-3403.png,COVID,0,400d9d1a98a25103ab507e958dafe7b5,COVID/images/COVID-3402.png
COVID/images/COVID-3427.png,COVID/masks/COVID-3427.png,COVID,0,d5f977638d30f1b478f74da71e3a1d55,COVID/images/COVID-3426.png
COVID/images/COVID-3429.png,COVID/masks/COVID-3429.png,COVID,0,ee4af2b83de6d38cb4e51b23c08eb987,COVID/images/COVID-3428.png
COVID/images/COVID-66.png,COVID/masks/COVID-66.png,COVID,0,2b0fc0e47afcf672db4b84a9b915d893,COVID/images/COVID-344.png
COVID/images/COVID-428.png,COVID/masks/COVID-428.png,COVID,0,f6295e8bf9197d86e9a2b9c4462676c9,COVID/images/COVID-345.png
COVID/images/COVID-463.png,COVID/masks/COVID-463.png,COVID,0,5945caef54bc99a9b8621b66320bbc62,COVID/images/COVID-348.png
COVID/images/COVID-3489.png,COVID/masks/COVID-3489.png,COVID,0,0aeaf37dfdaa02cde927a0178a541b97,COVID/images/COVID-3488.png
COVID/images/COVID-3516.png,COVID/masks/COVID-3516.png,COVID,0,5ab9b497f3b22cd04833d7e9fb8ca177,COVID/images/COVID-3515.png
COVID/images/COVID-3548.png,COVID/masks/COVID-3548.png,COVID,0,6fa58dbd202752c147604c29c40e1494,COVID/images/COVID-3547.png
COVID/images/COVID-3574.png,COVID/masks/COVID-3574.png,COVID,0,21d0b24fc40c26eea1c474a25050f143,COVID/images/COVID-3573.png
COVID/images/COVID-3591.png,COVID/masks/COVID-3591.png,COVID,0,0f0ff2a36676df0c93fa253ba42d00f5,COVID/images/COVID-3590.png
COVID/images/COVID-3599.png,COVID/masks/COVID-3599.png,COVID,0,aa3d5cc879d7c61b1f6c44f19d611aaa,COVID/images/COVID-3598.png
COVID/images/COVID-595.png,COVID/masks/COVID-595.png,COVID,0,3315d6b9f9a6689277c719d691f4e283,COVID/images/COVID-374.png
COVID/images/COVID-538.png,COVID/masks/COVID-538.png,COVID,0,7b328fdffa739261f71e502595407420,COVID/images/COVID-381.png
COVID/images/COVID-925.png,COVID/masks/COVID-925.png,COVID,0,0be3db9fcc0ff7b4474b7b0417523165,COVID/images/COVID-381.png
COVID/images/COVID-541.png,COVID/masks/COVID-541.png,COVID,0,3c9408eb37999444e4117b379798c72d,COVID/images/COVID-383.png
COVID/images/COVID-535.png,COVID/masks/COVID-535.png,COVID,0,b52269acfca0b3f9bc1051fc494e7814,COVID/images/COVID-385.png
COVID/images/COVID-543.png,COVID/masks/COVID-543.png,COVID,0,86551971d1587c3287b6c8a8ea0c4a0d,COVID/images/COVID-389.png
COVID/images/COVID-641.png,COVID/masks/COVID-641.png,COVID,0,ba1c0827cc0bc7e18cb010c95b4c7526,COVID/images/COVID-392.png
COVID/images/COVID-644.png,COVID/masks/COVID-644.png,COVID,0,5f9ad4449839f6f4a5724bebe9ead884,COVID/images/COVID-395.png
COVID/images/COVID-469.png,COVID/masks/COVID-469.png,COVID,0,810bff2bf3fe8498b43ad5a65ce6f685,COVID/images/COVID-398.png
COVID/images/COVID-684.png,COVID/masks/COVID-684.png,COVID,0,5a875761f1820dafae57f6666d74bf9a,COVID/images/COVID-398.png
COVID/images/COVID-65.png,COVID/masks/COVID-65.png,COVID,0,a856bf71cf04e11ee7ccb379b3c88127,COVID/images/COVID-420.png
COVID/images/COVID-695.png,COVID/masks/COVID-695.png,COVID,0,422f1dde5cb4ac9741f52602a1c1f768,COVID/images/COVID-472.png
COVID/images/COVID-599.png,COVID/masks/COVID-599.png,COVID,0,9de74bd814e7dfa9e0f22bfac9989c2f,COVID/images/COVID-48.png
COVID/images/COVID-52.png,COVID/masks/COVID-52.png,COVID,0,09e6b680168ac3f83664c40b9f482e01,COVID/images/COVID-49.png
COVID/images/COVID-729.png,COVID/masks/COVID-729.png,COVID,0,b8dd989b5b1238f8600e12cbe5f19e49,COVID/images/COVID-53.png
COVID/images/COVID-898.png,COVID/masks/COVID-898.png,COVID,0,45a5dbd7059463ca94024280376e5453,COVID/images/COVID-533.png
COVID/images/COVID-804.png,COVID/masks/COVID-804.png,COVID,0,be775391c9ae9cac62142b4af9173cad,COVID/images/COVID-546.png
COVID/images/COVID-62.png,COVID/masks/COVID-62.png,COVID,0,0fcc7eb356a748321a8f845023ea4c5e,COVID/images/COVID-594.png
COVID/images/COVID-77.png,COVID/masks/COVID-77.png,COVID,0,fbbdcb23ad094119bdbbb3d3e06e487a,COVID/images/COVID-624.png
COVID/images/COVID-770.png,COVID/masks/COVID-770.png,COVID,0,a12a1d843fe2931db7847c4dcf142371,COVID/images/COVID-726.png
COVID/images/COVID-83.png,COVID/masks/COVID-83.png,COVID,0,85f231f5ee9d29b783b65cf428b372d4,COVID/images/COVID-758.png
COVID/images/COVID-80.png,COVID/masks/COVID-80.png,COVID,0,88e2bd322cf8b8da0ec65a4e84fd4584,COVID/images/COVID-768.png
COVID/images/COVID-995.png,COVID/masks/COVID-995.png,COVID,0,37427c4f0a1c28e7b3e7af7c28555f3d,COVID/images/COVID-896.png
Normal/images/Normal-5103.png,Normal/masks/Normal-5103.png,Normal,2,c18c62d21d11c43ac1757c6bd1c016ee,Normal/images/Normal-1708.png
Normal/images/Normal-818.png,Normal/masks/Normal-818.png,Normal,2,c234aeae02a22d5eb355107404c3cb2c,Normal/images/Normal-817.png
Viral Pneumonia/images/Viral Pneumonia-1053.png,Viral Pneumonia/masks/Viral Pneumonia-1053.png,Viral Pneumonia,3,194ebbd9ee6c2e86d7f013ff4a6fa47f,Viral Pneumonia/images/Viral Pneumonia-1052.png
Viral Pneumonia/images/Viral Pneumonia-118.png,Viral Pneumonia/masks/Viral Pneumonia-118.png,Viral Pneumonia,3,9f0e2dfc9366368554a0224f37509582,Viral Pneumonia/images/Viral Pneumonia-117.png
Viral Pneumonia/images/Viral Pneumonia-250.png,Viral Pneumonia/masks/Viral Pneumonia-250.png,Viral Pneumonia,3,17e7f4da4fd73a662221a495cf3e0fc7,Viral Pneumonia/images/Viral Pneumonia-249.png
Viral Pneumonia/images/Viral Pneumonia-295.png,Viral Pneumonia/masks/Viral Pneumonia-295.png,Viral Pneumonia,3,9755150b4475749a39abc4eb8116b484,Viral Pneumonia/images/Viral Pneumonia-294.png
Viral Pneumonia/images/Viral Pneumonia-596.png,Viral Pneumonia/masks/Viral Pneumonia-596.png,Viral Pneumonia,3,684757881667a721fb724d5dc1aa28ca,Viral Pneumonia/images/Viral Pneumonia-595.png
Viral Pneumonia/images/Viral Pneumonia-75.png,Viral Pneumonia/masks/Viral Pneumonia-75.png,Viral Pneumonia,3,96edb7785238187a25a26129bfc27ddc,Viral Pneumonia/images/Viral Pneumonia-74.png
Viral Pneumonia/images/Viral Pneumonia-954.png,Viral Pneumonia/masks/Viral Pneumonia-954.png,Viral Pneumonia,3,7c3ba7610c23fd61c3bf30cc0d0815f2,Viral Pneumonia/images/Viral Pneumonia-953.png
